-- phpMyAdmin SQL Dump
-- version 5.2.1
-- https://www.phpmyadmin.net/
--
-- Host: 127.0.0.1
-- Generation Time: Maj 26, 2026 at 09:26 AM
-- Wersja serwera: 10.4.32-MariaDB
-- Wersja PHP: 8.2.12

SET SQL_MODE = "NO_AUTO_VALUE_ON_ZERO";
START TRANSACTION;
SET time_zone = "+00:00";


/*!40101 SET @OLD_CHARACTER_SET_CLIENT=@@CHARACTER_SET_CLIENT */;
/*!40101 SET @OLD_CHARACTER_SET_RESULTS=@@CHARACTER_SET_RESULTS */;
/*!40101 SET @OLD_COLLATION_CONNECTION=@@COLLATION_CONNECTION */;
/*!40101 SET NAMES utf8mb4 */;

--
-- Database: `wronair`
--

-- --------------------------------------------------------

--
-- Struktura tabeli dla tabeli `airports`
--

CREATE TABLE `airports` (
  `id` int(11) NOT NULL,
  `code` char(3) NOT NULL,
  `city` varchar(100) NOT NULL,
  `country` varchar(100) NOT NULL,
  `display_name` varchar(150) NOT NULL
) ENGINE=InnoDB DEFAULT CHARSET=utf8 COLLATE=utf8_polish_ci;

--
-- Dumping data for table `airports`
--

INSERT INTO `airports` (`id`, `code`, `city`, `country`, `display_name`) VALUES
(1, 'WAW', 'Warszawa', 'Polska', 'Warszawa [WAW]'),
(2, 'KRK', 'Kraków', 'Polska', 'Kraków [KRK]'),
(3, 'CDG', 'Paryż', 'Francja', 'Paryż [CDG]'),
(4, 'FRA', 'Frankfurt', 'Niemcy', 'Frankfurt [FRA]'),
(5, 'LHR', 'Londyn Heathrow', 'Wielka Brytania', 'Londyn Heathrow [LHR]'),
(6, 'JFK', 'Nowy Jork', 'USA', 'Nowy Jork [JFK]'),
(7, 'LAX', 'Los Angeles', 'USA', 'Los Angeles [LAX]'),
(8, 'MIA', 'Miami', 'USA', 'Miami [MIA]'),
(9, 'DXB', 'Dubaj', 'ZEA', 'Dubaj [DXB]'),
(10, 'DEL', 'Delhi', 'Indie', 'Delhi [DEL]'),
(11, 'HKG', 'Hongkong', 'Chiny', 'Hongkong [HKG]'),
(12, 'WUH', 'Wuhan', 'Chiny', 'Wuhan [WUH]'),
(13, 'PEK', 'Pekin', 'Chiny', 'Pekin [PEK]'),
(14, 'ICN', 'Seul Incheon', 'Korea Południowa', 'Seul Incheon [ICN]'),
(15, 'NRT', 'Tokio Narita', 'Japonia', 'Tokio Narita [NRT]'),
(16, 'TLV', 'Tel Awiw', 'Izrael', 'Tel Awiw [TLV]'),
(17, 'SJU', 'San Juan', 'Puerto Rico', 'San Juan [SJU]'),
(18, 'GRU', 'São Paulo', 'Brazylia', 'São Paulo [GRU]'),
(19, 'GIG', 'Rio de Janeiro', 'Brazylia', 'Rio de Janeiro [GIG]'),
(20, 'KTW', 'Katowice', 'Polska', 'Katowice [KTW]'),
(21, 'RZE', 'Rzeszów', 'Polska', 'Rzeszów [RZE]'),
(22, 'POZ', 'Poznań', 'Polska', 'Poznań [POZ]'),
(23, 'GDN', 'Gdańsk', 'Polska', 'Gdańsk [GDN]'),
(24, 'RDO', 'Radom', 'Polska', 'Radom [RDO]'),
(25, 'MUC', 'Monachium', 'Niemcy', 'Monachium [MUC]');

-- --------------------------------------------------------

--
-- Struktura tabeli dla tabeli `countries`
--

CREATE TABLE `countries` (
  `id` int(11) NOT NULL,
  `name` varchar(100) NOT NULL,
  `phone_code` varchar(10) DEFAULT NULL
) ENGINE=InnoDB DEFAULT CHARSET=utf8 COLLATE=utf8_polish_ci;

--
-- Dumping data for table `countries`
--

INSERT INTO `countries` (`id`, `name`, `phone_code`) VALUES
(1, 'Polska', '+48'),
(2, 'Niemcy', '+49'),
(3, 'Francja', '+33'),
(4, 'Włochy', '+39'),
(5, 'Hiszpania', '+34'),
(6, 'Portugalia', '+351'),
(7, 'Wielka Brytania', '+44'),
(8, 'Irlandia', '+353'),
(9, 'Norwegia', '+47'),
(10, 'Szwecja', '+46'),
(11, 'Finlandia', '+358'),
(12, 'Dania', '+45'),
(13, 'Holandia', '+31'),
(14, 'Belgia', '+32'),
(15, 'Austria', '+43'),
(16, 'Szwajcaria', '+41'),
(17, 'Czechy', '+420'),
(18, 'Słowacja', '+421'),
(19, 'Węgry', '+36'),
(20, 'Chorwacja', '+385'),
(21, 'Grecja', '+30'),
(22, 'Litwa', '+370'),
(23, 'Łotwa', '+371'),
(24, 'Estonia', '+372'),
(25, 'Rumunia', '+40'),
(26, 'Bułgaria', '+359'),
(27, 'Ukraina', '+380'),
(28, 'Stany Zjednoczone', '+1'),
(29, 'Kanada', '+1'),
(30, 'Zjednoczone Emiraty Arabskie', '+971'),
(31, 'Indie', '+91'),
(32, 'Chiny', '+86'),
(33, 'Japonia', '+81'),
(34, 'Korea Południowa', '+82'),
(35, 'Israel', NULL),
(36, 'Puerto Rico', NULL),
(37, 'Brazil', NULL);

-- --------------------------------------------------------

--
-- Struktura tabeli dla tabeli `flights`
--

CREATE TABLE `flights` (
  `id` int(11) NOT NULL,
  `flight_name` varchar(50) NOT NULL,
  `origin_code` char(3) NOT NULL,
  `destination_code` char(3) NOT NULL,
  `departure_time` time NOT NULL,
  `departure_utc` varchar(10) NOT NULL,
  `arrival_time` time NOT NULL,
  `arrival_utc` varchar(10) NOT NULL,
  `duration_minutes` int(11) NOT NULL,
  `operator_name` varchar(100) NOT NULL,
  `price_economy` decimal(10,2) NOT NULL,
  `price_premium_economy` decimal(10,2) DEFAULT NULL,
  `price_business` decimal(10,2) DEFAULT NULL,
  `active` tinyint(1) NOT NULL DEFAULT 1,
  `departure_terminal` varchar(20) DEFAULT 'TBD',
  `arrival_terminal` varchar(20) DEFAULT 'TBD',
  `departure_gate` varchar(20) DEFAULT 'TBD',
  `arrival_gate` varchar(20) DEFAULT 'TBD',
  `aircraft_model` varchar(100) DEFAULT NULL
) ENGINE=InnoDB DEFAULT CHARSET=utf8 COLLATE=utf8_polish_ci;

--
-- Dumping data for table `flights`
--

INSERT INTO `flights` (`id`, `flight_name`, `origin_code`, `destination_code`, `departure_time`, `departure_utc`, `arrival_time`, `arrival_utc`, `duration_minutes`, `operator_name`, `price_economy`, `price_premium_economy`, `price_business`, `active`, `departure_terminal`, `arrival_terminal`, `departure_gate`, `arrival_gate`, `aircraft_model`) VALUES
(1, 'WR41', 'WAW', 'JFK', '16:40:00', 'UTC+1', '20:10:00', 'UTC-5', 570, 'WronAir', 2299.00, 4199.00, 8399.00, 1, '1', '7', 'A12', 'B26', 'Airbus A330-300'),
(2, 'WR42', 'JFK', 'WAW', '22:05:00', 'UTC-5', '12:10:00', 'UTC+1', 545, 'WronAir', 2399.00, 4299.00, 8599.00, 1, '7', '1', 'B27', 'A17', 'Airbus A330-300'),
(3, 'WR43', 'WAW', 'LAX', '11:20:00', 'UTC+1', '15:05:00', 'UTC-8', 760, 'WronAir', 3099.00, 5399.00, 10399.00, 1, '1', 'TBIT', 'TBD', '154', 'Airbus A330-300'),
(4, 'WR44', 'LAX', 'WAW', '17:40:00', 'UTC-8', '14:25:00', 'UTC+1', 710, 'WronAir', 3199.00, 5499.00, 10599.00, 1, 'TBIT', '1', '156', 'A23', 'Airbus A330-300'),
(5, 'WR45', 'WAW', 'MIA', '09:50:00', 'UTC+1', '15:45:00', 'UTC-5', 700, 'WronAir', 2799.00, 4899.00, 9599.00, 1, '1', 'D', 'A18', 'D39', 'Airbus A330-300'),
(6, 'WR46', 'MIA', 'WAW', '18:20:00', 'UTC-5', '10:05:00', 'UTC+1', 655, 'WronAir', 2899.00, 4999.00, 9799.00, 1, 'D', '1', 'D44', 'A15', 'Airbus A330-300'),
(7, 'WR51', 'WAW', 'DXB', '13:20:00', 'UTC+1', '22:00:00', 'UTC+4', 340, 'WronAir', 1599.00, 2799.00, 5599.00, 1, '1', '3', 'C11', 'B19', 'Airbus A330-300'),
(8, 'WR52', 'DXB', 'WAW', '08:10:00', 'UTC+4', '11:25:00', 'UTC+1', 375, 'WronAir', 1649.00, 2849.00, 5699.00, 1, '3', '1', 'B18', 'C8', 'Airbus A330-300'),
(9, 'WR53', 'WAW', 'DEL', '10:15:00', 'UTC+1', '21:45:00', 'UTC+5:30', 480, 'WronAir', 1999.00, 3399.00, 6799.00, 1, '1', '3', 'TBD', '32', 'Airbus A330-300'),
(10, 'WR54', 'DEL', 'WAW', '02:35:00', 'UTC+5:30', '07:20:00', 'UTC+1', 525, 'WronAir', 2049.00, 3449.00, 6899.00, 1, '3', '1', '34', 'B12', 'Airbus A330-300'),
(11, 'WR61', 'WAW', 'HKG', '14:05:00', 'UTC+1', '07:35:00', 'UTC+8', 690, 'WronAir', 3199.00, 5399.00, 10299.00, 1, '1', '1', 'C15', '24', 'Airbus A330-300'),
(12, 'WR62', 'HKG', 'WAW', '00:35:00', 'UTC+8', '06:15:00', 'UTC+1', 760, 'WronAir', 3249.00, 5449.00, 10399.00, 1, '1', '1', '28', 'C17', 'Airbus A330-300'),
(13, 'WR63', 'WAW', 'PEK', '12:10:00', 'UTC+1', '05:45:00', 'UTC+8', 695, 'WronAir', 2999.00, 5199.00, 9999.00, 1, '1', '3', 'A21', 'E9', 'Airbus A330-300'),
(14, 'WR64', 'PEK', 'WAW', '01:20:00', 'UTC+8', '06:40:00', 'UTC+1', 680, 'WronAir', 3049.00, 5249.00, 10099.00, 1, '3', '1', 'E12', 'A19', 'Airbus A330-300'),
(15, 'WR65', 'WAW', 'ICN', '15:15:00', 'UTC+1', '09:30:00', 'UTC+9', 735, 'WronAir', 3399.00, 5699.00, 10699.00, 1, '1', '2', 'TBD', '248', 'Airbus A330-300'),
(16, 'WR66', 'ICN', 'WAW', '11:20:00', 'UTC+9', '17:00:00', 'UTC+1', 760, 'WronAir', 3449.00, 5749.00, 10799.00, 1, '2', '1', '247', 'C22', 'Airbus A330-300'),
(17, 'WR67', 'WAW', 'NRT', '11:40:00', 'UTC+1', '07:55:00', 'UTC+9', 735, 'WronAir', 3499.00, 5899.00, 10999.00, 1, '1', '1', 'A25', '35', 'Airbus A330-300'),
(18, 'WR68', 'NRT', 'WAW', '10:50:00', 'UTC+9', '17:20:00', 'UTC+1', 810, 'WronAir', 3549.00, 5949.00, 11099.00, 1, '1', '1', '33', 'A20', 'Airbus A330-300'),
(19, 'WR1001', 'WAW', 'CDG', '07:15:00', 'UTC+1', '09:35:00', 'UTC+1', 140, 'WronAir', 489.00, 879.00, 1649.00, 1, '1', '2E', 'A4', 'F24', 'Airbus A320-200'),
(20, 'WR1002', 'CDG', 'WAW', '18:10:00', 'UTC+1', '20:25:00', 'UTC+1', 135, 'WronAir', 499.00, 889.00, 1669.00, 1, '2E', '1', 'F32', 'A6', 'Airbus A320-200'),
(21, 'WR1003', 'WAW', 'FRA', '08:00:00', 'UTC+1', '09:50:00', 'UTC+1', 110, 'WronAir', 429.00, 799.00, 1499.00, 1, '1', '1', 'B6', 'A16', 'Airbus A320-200'),
(22, 'WR1004', 'FRA', 'WAW', '17:20:00', 'UTC+1', '19:05:00', 'UTC+1', 105, 'WronAir', 439.00, 809.00, 1519.00, 1, '1', '1', 'A18', 'B8', 'Airbus A320-200'),
(23, 'WR1005', 'WAW', 'LHR', '09:20:00', 'UTC+1', '10:55:00', 'UTC+0', 155, 'WronAir', 559.00, 999.00, 1849.00, 1, '1', '3', 'C7', '21', 'Airbus A320-200'),
(24, 'WR1006', 'LHR', 'WAW', '17:40:00', 'UTC+0', '21:05:00', 'UTC+1', 145, 'WronAir', 579.00, 1019.00, 1879.00, 1, '3', '1', '18', 'C10', 'Airbus A320-200'),
(25, 'WR1007', 'WAW', 'AMS', '06:55:00', 'UTC+1', '09:05:00', 'UTC+1', 130, 'WronAir', 459.00, 839.00, 1569.00, 1, '1', '1', 'A9', 'D58', 'Airbus A320-200'),
(26, 'WR1008', 'AMS', 'WAW', '19:00:00', 'UTC+1', '21:00:00', 'UTC+1', 120, 'WronAir', 469.00, 849.00, 1589.00, 1, '1', '1', 'D61', 'A11', 'Airbus A320-200'),
(27, 'WR1009', 'WAW', 'MAD', '10:45:00', 'UTC+1', '14:35:00', 'UTC+1', 230, 'WronAir', 689.00, 1229.00, 2299.00, 1, '1', '1', 'TBD', 'H10', 'Airbus A320-200'),
(28, 'WR1010', 'MAD', 'WAW', '15:50:00', 'UTC+1', '19:35:00', 'UTC+1', 225, 'WronAir', 699.00, 1239.00, 2319.00, 1, '1', '1', 'H14', 'A24', 'Airbus A320-200'),
(29, 'WR1011', 'WAW', 'FCO', '12:10:00', 'UTC+1', '14:30:00', 'UTC+1', 140, 'WronAir', 519.00, 939.00, 1729.00, 1, '1', '3', 'B11', 'E18', 'Airbus A320-200'),
(30, 'WR1012', 'FCO', 'WAW', '16:05:00', 'UTC+1', '18:20:00', 'UTC+1', 135, 'WronAir', 529.00, 949.00, 1749.00, 1, '3', '1', 'E22', 'B9', 'Airbus A320-200'),
(31, 'AF22', 'CDG', 'JFK', '10:30:00', 'UTC+1', '13:00:00', 'UTC-5', 510, 'Air France', 2149.00, 4199.00, 8299.00, 1, '2E', '7', 'M42', 'B34', 'Airbus A330-300'),
(32, 'AF23', 'JFK', 'CDG', '19:30:00', 'UTC-5', '08:20:00', 'UTC+1', 470, 'Air France', 2249.00, 4299.00, 8499.00, 1, '7', '2E', 'B31', 'M39', 'Airbus A330-300'),
(33, 'AF1084', 'CDG', 'WAW', '07:05:00', 'UTC+1', '09:15:00', 'UTC+1', 130, 'Air France', 499.00, 899.00, 1699.00, 1, '2E', '1', 'F28', 'A3', 'Airbus A320-200'),
(34, 'AF1087', 'WAW', 'CDG', '17:10:00', 'UTC+1', '19:30:00', 'UTC+1', 140, 'Air France', 519.00, 919.00, 1749.00, 1, '1', '2E', 'TBD', 'F21', 'Airbus A320-200'),
(35, 'LH716', 'FRA', 'HND', '14:05:00', 'UTC+1', '09:45:00', 'UTC+9', 760, 'Lufthansa', 3899.00, 5999.00, 11499.00, 1, '1', '3', 'Z58', '108', 'Airbus A330-300'),
(36, 'LH717', 'HND', 'FRA', '11:45:00', 'UTC+9', '19:00:00', 'UTC+1', 855, 'Lufthansa', 3999.00, 6199.00, 11699.00, 1, '3', '1', '109', 'Z61', 'Airbus A330-300'),
(37, 'LH1348', 'FRA', 'WAW', '08:15:00', 'UTC+1', '10:00:00', 'UTC+1', 105, 'Lufthansa', 449.00, 829.00, 1499.00, 1, '1', '1', 'A21', 'B4', 'Airbus A320-200'),
(38, 'LH1353', 'WAW', 'FRA', '14:40:00', 'UTC+1', '16:25:00', 'UTC+1', 105, 'Lufthansa', 469.00, 849.00, 1529.00, 1, '1', '1', 'B14', 'A20', 'Airbus A320-200'),
(39, 'EK322', 'DXB', 'ICN', '03:40:00', 'UTC+4', '16:00:00', 'UTC+9', 500, 'Emirates', 2299.00, 3899.00, 7699.00, 1, '3', '2', 'B23', '247', 'Airbus A330-300'),
(40, 'EK323', 'ICN', 'DXB', '23:55:00', 'UTC+9', '05:25:00', 'UTC+4', 570, 'Emirates', 2399.00, 3999.00, 7899.00, 1, '2', '3', '245', 'B28', 'Airbus A330-300'),
(41, 'EK179', 'DXB', 'WAW', '08:10:00', 'UTC+4', '11:20:00', 'UTC+1', 370, 'Emirates', 1599.00, 2799.00, 5599.00, 1, '3', '1', 'B16', 'C9', 'Airbus A330-300'),
(42, 'EK180', 'WAW', 'DXB', '13:50:00', 'UTC+1', '22:20:00', 'UTC+4', 330, 'Emirates', 1649.00, 2849.00, 5699.00, 1, '1', '3', 'C13', 'B20', 'Airbus A330-300'),
(43, 'AI155', 'DEL', 'VIE', '14:10:00', 'UTC+5:30', '18:25:00', 'UTC+1', 515, 'Air India', 1949.00, 3349.00, 6599.00, 1, '3', '3', '31', 'G12', 'Airbus A330-300'),
(44, 'AI156', 'VIE', 'DEL', '20:15:00', 'UTC+1', '07:45:00', 'UTC+5:30', 480, 'Air India', 1899.00, 3299.00, 6499.00, 1, '3', '3', 'G8', '29', 'Airbus A330-300'),
(45, 'CX252', 'LHR', 'HKG', '12:20:00', 'UTC+0', '08:10:00', 'UTC+8', 710, 'Cathay Pacific', 3199.00, 5099.00, 9899.00, 1, '3', '1', '31', '26', 'Airbus A330-300'),
(46, 'CA940', 'FRA', 'PEK', '20:00:00', 'UTC+1', '12:20:00', 'UTC+8', 620, 'Air China', 2599.00, 4299.00, 8099.00, 1, '1', '3', 'Z66', 'E14', 'Airbus A330-300'),
(47, 'WR47', 'WAW', 'JFK', '08:35:00', 'UTC+1', '12:05:00', 'UTC-5', 570, 'WronAir', 2449.00, 4349.00, 8699.00, 1, '1', '7', 'A14', 'B29', 'Airbus A330-300'),
(48, 'WR48', 'JFK', 'WAW', '10:55:00', 'UTC-5', '01:05:00', 'UTC+1', 550, 'WronAir', 2499.00, 4399.00, 8799.00, 1, '7', '1', 'TBD', 'A22', 'Airbus A330-300'),
(49, 'WR1101', 'WAW', 'KRK', '06:50:00', 'UTC+1', '07:45:00', 'UTC+1', 55, 'WronAir', 169.00, 299.00, 699.00, 1, '1', 'T', 'A2', '2', 'Airbus A320-200'),
(50, 'WR1102', 'KRK', 'WAW', '08:30:00', 'UTC+1', '09:25:00', 'UTC+1', 55, 'WronAir', 169.00, 299.00, 699.00, 1, 'T', '1', '3', 'A3', 'Airbus A320-200'),
(51, 'WR1103', 'WAW', 'KRK', '13:10:00', 'UTC+1', '14:05:00', 'UTC+1', 55, 'WronAir', 189.00, 329.00, 749.00, 1, '1', 'T', 'A5', '6', 'Airbus A320-200'),
(52, 'WR1104', 'KRK', 'WAW', '14:50:00', 'UTC+1', '15:45:00', 'UTC+1', 55, 'WronAir', 189.00, 329.00, 749.00, 1, 'T', '1', '4', 'A7', 'Airbus A320-200'),
(53, 'WR1105', 'WAW', 'KRK', '19:25:00', 'UTC+1', '20:20:00', 'UTC+1', 55, 'WronAir', 179.00, 319.00, 729.00, 1, '1', 'T', 'TBD', '1', 'Airbus A320-200'),
(54, 'WR1106', 'KRK', 'WAW', '21:05:00', 'UTC+1', '22:00:00', 'UTC+1', 55, 'WronAir', 179.00, 319.00, 729.00, 1, 'T', '1', '5', 'A9', 'Airbus A320-200'),
(55, 'WR1201', 'WAW', 'RZE', '06:20:00', 'UTC+1', '07:15:00', 'UTC+1', 55, 'WronAir', 149.00, 269.00, 599.00, 1, '1', 'TBD', 'TBD', 'TBD', 'Airbus A320-200'),
(56, 'WR1202', 'RZE', 'WAW', '07:55:00', 'UTC+1', '08:50:00', 'UTC+1', 55, 'WronAir', 149.00, 269.00, 599.00, 1, 'TBD', '1', 'TBD', 'TBD', 'Airbus A320-200'),
(57, 'WR1203', 'WAW', 'RZE', '12:40:00', 'UTC+1', '13:35:00', 'UTC+1', 55, 'WronAir', 169.00, 299.00, 649.00, 1, '1', 'TBD', 'TBD', 'TBD', 'Airbus A320-200'),
(58, 'WR1204', 'RZE', 'WAW', '14:15:00', 'UTC+1', '15:10:00', 'UTC+1', 55, 'WronAir', 169.00, 299.00, 649.00, 1, 'TBD', '1', 'TBD', 'TBD', 'Airbus A320-200'),
(59, 'WR1205', 'WAW', 'RZE', '19:10:00', 'UTC+1', '20:05:00', 'UTC+1', 55, 'WronAir', 159.00, 289.00, 629.00, 1, '1', 'TBD', 'TBD', 'TBD', 'Airbus A320-200'),
(60, 'WR1206', 'RZE', 'WAW', '20:45:00', 'UTC+1', '21:40:00', 'UTC+1', 55, 'WronAir', 159.00, 289.00, 629.00, 1, 'TBD', '1', 'TBD', 'TBD', 'Airbus A320-200'),
(61, 'WR1301', 'RDO', 'TLV', '07:10:00', 'UTC+1', '11:45:00', 'UTC+2', 215, 'WronAir', 699.00, 1199.00, 2399.00, 1, 'TBD', 'TBD', 'TBD', 'TBD', 'Airbus A320-200'),
(62, 'WR1302', 'TLV', 'RDO', '13:05:00', 'UTC+2', '15:45:00', 'UTC+1', 220, 'WronAir', 729.00, 1249.00, 2499.00, 1, 'TBD', 'TBD', 'TBD', 'TBD', 'Airbus A320-200'),
(63, 'WR1303', 'WAW', 'TLV', '14:30:00', 'UTC+1', '19:10:00', 'UTC+2', 220, 'WronAir', 749.00, 1299.00, 2599.00, 1, '1', 'TBD', 'TBD', 'TBD', 'Airbus A320-200'),
(64, 'WR1304', 'TLV', 'WAW', '20:30:00', 'UTC+2', '23:15:00', 'UTC+1', 225, 'WronAir', 769.00, 1329.00, 2649.00, 1, 'TBD', '1', 'TBD', 'TBD', 'Airbus A320-200'),
(65, 'WR1401', 'KRK', 'GRU', '10:20:00', 'UTC+1', '19:20:00', 'UTC-3', 780, 'WronAir', 2899.00, 4899.00, 9299.00, 1, 'T', 'TBD', 'TBD', 'TBD', 'Airbus A330-300'),
(66, 'WR1402', 'GRU', 'KRK', '21:45:00', 'UTC-3', '13:45:00', 'UTC+1', 720, 'WronAir', 2999.00, 4999.00, 9499.00, 1, 'TBD', 'T', 'TBD', 'TBD', 'Airbus A330-300'),
(67, 'WR1501', 'WAW', 'POZ', '07:30:00', 'UTC+1', '08:15:00', 'UTC+1', 45, 'WronAir', 129.00, 249.00, 549.00, 1, '1', 'TBD', 'TBD', 'TBD', 'Airbus A320-200'),
(68, 'WR1502', 'POZ', 'WAW', '09:00:00', 'UTC+1', '09:45:00', 'UTC+1', 45, 'WronAir', 129.00, 249.00, 549.00, 1, 'TBD', '1', 'TBD', 'TBD', 'Airbus A320-200'),
(69, 'WR1503', 'WAW', 'GDN', '11:20:00', 'UTC+1', '12:15:00', 'UTC+1', 55, 'WronAir', 159.00, 289.00, 629.00, 1, '1', 'TBD', 'TBD', 'TBD', 'Airbus A320-200'),
(70, 'WR1504', 'GDN', 'WAW', '13:00:00', 'UTC+1', '13:55:00', 'UTC+1', 55, 'WronAir', 159.00, 289.00, 629.00, 1, 'TBD', '1', 'TBD', 'TBD', 'Airbus A320-200'),
(71, 'WR1505', 'WAW', 'KTW', '16:10:00', 'UTC+1', '17:00:00', 'UTC+1', 50, 'WronAir', 139.00, 259.00, 579.00, 1, '1', 'TBD', 'TBD', 'TBD', 'Airbus A320-200'),
(72, 'WR1506', 'KTW', 'WAW', '17:45:00', 'UTC+1', '18:35:00', 'UTC+1', 50, 'WronAir', 139.00, 259.00, 579.00, 1, 'TBD', '1', 'TBD', 'TBD', 'Airbus A320-200'),
(73, 'WR1601', 'WAW', 'MUC', '08:45:00', 'UTC+1', '10:20:00', 'UTC+1', 95, 'WronAir', 399.00, 749.00, 1399.00, 1, '1', 'TBD', 'TBD', 'TBD', 'Airbus A320-200'),
(74, 'WR1602', 'MUC', 'WAW', '18:30:00', 'UTC+1', '20:05:00', 'UTC+1', 95, 'WronAir', 419.00, 769.00, 1449.00, 1, 'TBD', '1', 'TBD', 'TBD', 'Airbus A320-200'),
(75, 'WR1701', 'WAW', 'SJU', '09:35:00', 'UTC+1', '15:50:00', 'UTC-4', 675, 'WronAir', 3199.00, 5299.00, 9999.00, 1, '1', 'TBD', 'TBD', 'TBD', 'Airbus A330-300'),
(76, 'WR1702', 'SJU', 'WAW', '18:10:00', 'UTC-4', '10:30:00', 'UTC+1', 680, 'WronAir', 3299.00, 5399.00, 10199.00, 1, 'TBD', '1', 'TBD', 'TBD', 'Airbus A330-300'),
(77, 'WR1801', 'GRU', 'GIG', '08:20:00', 'UTC-3', '09:25:00', 'UTC-3', 65, 'WronAir', 249.00, 449.00, 899.00, 1, 'TBD', 'TBD', 'TBD', 'TBD', 'Airbus A320-200'),
(78, 'WR1802', 'GIG', 'GRU', '18:40:00', 'UTC-3', '19:45:00', 'UTC-3', 65, 'WronAir', 249.00, 449.00, 899.00, 1, 'TBD', 'TBD', 'TBD', 'TBD', 'Airbus A320-200');

-- --------------------------------------------------------

--
-- Struktura tabeli dla tabeli `flight_occupied_seats`
--

CREATE TABLE `flight_occupied_seats` (
  `id` int(11) NOT NULL,
  `flight_id` int(11) NOT NULL,
  `flight_date` date NOT NULL,
  `seat_number` varchar(10) NOT NULL,
  `created_at` timestamp NOT NULL DEFAULT current_timestamp()
) ENGINE=InnoDB DEFAULT CHARSET=utf8 COLLATE=utf8_polish_ci;

--
-- Dumping data for table `flight_occupied_seats`
--

INSERT INTO `flight_occupied_seats` (`id`, `flight_id`, `flight_date`, `seat_number`, `created_at`) VALUES
(20, 1, '2026-05-27', '3H', '2026-05-18 23:00:26'),
(26, 50, '2026-05-29', '7D', '2026-05-18 23:36:15'),
(28, 2, '2026-05-31', '7G', '2026-05-19 16:14:18'),
(32, 1, '2026-05-27', '49F', '2026-05-23 16:21:35'),
(33, 2, '2026-05-31', '8G', '2026-05-23 16:52:22'),
(34, 1, '2026-05-27', '8G', '2026-05-23 20:32:58'),
(35, 1, '2026-06-12', '5C', '2026-05-26 06:29:15'),
(36, 1, '2026-06-12', '2H', '2026-05-26 06:29:15'),
(37, 1, '2026-06-12', '4D', '2026-05-26 06:29:15'),
(38, 1, '2026-06-12', '5H', '2026-05-26 06:29:15'),
(39, 1, '2026-06-12', '2C', '2026-05-26 06:29:15'),
(40, 1, '2026-06-12', '3A', '2026-05-26 06:29:15'),
(41, 1, '2026-06-12', '5A', '2026-05-26 06:29:15'),
(42, 1, '2026-06-12', '9C', '2026-05-26 06:29:15'),
(43, 1, '2026-06-12', '12B', '2026-05-26 06:29:15'),
(44, 1, '2026-06-12', '11A', '2026-05-26 06:29:15'),
(45, 1, '2026-06-12', '7A', '2026-05-26 06:29:15'),
(46, 1, '2026-06-12', '9G', '2026-05-26 06:29:15'),
(47, 1, '2026-06-12', '10C', '2026-05-26 06:29:15'),
(48, 1, '2026-06-12', '7G', '2026-05-26 06:29:15'),
(49, 1, '2026-06-12', '6B', '2026-05-26 06:29:15'),
(50, 1, '2026-06-12', '7F', '2026-05-26 06:29:15'),
(51, 1, '2026-06-12', '6D', '2026-05-26 06:29:15'),
(52, 1, '2026-06-12', '11G', '2026-05-26 06:29:15'),
(53, 1, '2026-06-12', '9D', '2026-05-26 06:29:15'),
(54, 1, '2026-06-12', '11D', '2026-05-26 06:29:15'),
(55, 1, '2026-06-12', '9A', '2026-05-26 06:29:15'),
(56, 1, '2026-06-12', '8D', '2026-05-26 06:29:15'),
(57, 1, '2026-06-12', '6G', '2026-05-26 06:29:15'),
(58, 1, '2026-06-12', '6C', '2026-05-26 06:29:15'),
(59, 1, '2026-06-12', '10B', '2026-05-26 06:29:15'),
(60, 1, '2026-06-12', '8E', '2026-05-26 06:29:15'),
(61, 1, '2026-06-12', '12E', '2026-05-26 06:29:15'),
(62, 1, '2026-06-12', '11E', '2026-05-26 06:29:15'),
(63, 1, '2026-06-12', '8F', '2026-05-26 06:29:15'),
(64, 1, '2026-06-12', '12A', '2026-05-26 06:29:15'),
(65, 1, '2026-06-12', '8B', '2026-05-26 06:29:15'),
(66, 1, '2026-06-12', '12C', '2026-05-26 06:29:15'),
(67, 1, '2026-06-12', '7E', '2026-05-26 06:29:15'),
(68, 1, '2026-06-12', '10G', '2026-05-26 06:29:15'),
(69, 1, '2026-06-12', '9E', '2026-05-26 06:29:15'),
(70, 1, '2026-06-12', '7B', '2026-05-26 06:29:15'),
(71, 1, '2026-06-12', '10A', '2026-05-26 06:29:15'),
(72, 1, '2026-06-12', '6A', '2026-05-26 06:29:15'),
(73, 1, '2026-06-12', '10E', '2026-05-26 06:29:15'),
(74, 1, '2026-06-12', '11B', '2026-05-26 06:29:15'),
(75, 1, '2026-06-12', '8C', '2026-05-26 06:29:15'),
(76, 1, '2026-06-12', '9F', '2026-05-26 06:29:15'),
(77, 1, '2026-06-12', '10D', '2026-05-26 06:29:15'),
(78, 1, '2026-06-12', '8G', '2026-05-26 06:29:15'),
(79, 1, '2026-06-12', '8A', '2026-05-26 06:29:15'),
(80, 1, '2026-06-12', '11F', '2026-05-26 06:29:15'),
(81, 1, '2026-06-12', '20C', '2026-05-26 06:29:15'),
(82, 1, '2026-06-12', '49H', '2026-05-26 06:29:15'),
(83, 1, '2026-06-12', '21G', '2026-05-26 06:29:15'),
(84, 1, '2026-06-12', '37D', '2026-05-26 06:29:15'),
(85, 1, '2026-06-12', '35F', '2026-05-26 06:29:15'),
(86, 1, '2026-06-12', '54D', '2026-05-26 06:29:15'),
(87, 1, '2026-06-12', '32C', '2026-05-26 06:29:15'),
(88, 1, '2026-06-12', '37G', '2026-05-26 06:29:15'),
(89, 1, '2026-06-12', '16D', '2026-05-26 06:29:15'),
(90, 1, '2026-06-12', '15G', '2026-05-26 06:29:15'),
(91, 1, '2026-06-12', '35H', '2026-05-26 06:29:15'),
(92, 1, '2026-06-12', '52H', '2026-05-26 06:29:15'),
(93, 1, '2026-06-12', '53C', '2026-05-26 06:29:15'),
(94, 1, '2026-06-12', '42G', '2026-05-26 06:29:15'),
(95, 1, '2026-06-12', '33A', '2026-05-26 06:29:15'),
(96, 1, '2026-06-12', '25E', '2026-05-26 06:29:15'),
(97, 1, '2026-06-12', '57D', '2026-05-26 06:29:15'),
(98, 1, '2026-06-12', '26F', '2026-05-26 06:29:15'),
(99, 1, '2026-06-12', '29B', '2026-05-26 06:29:15'),
(100, 1, '2026-06-12', '20A', '2026-05-26 06:29:15'),
(101, 1, '2026-06-12', '52B', '2026-05-26 06:29:15'),
(102, 1, '2026-06-12', '54B', '2026-05-26 06:29:15'),
(103, 1, '2026-06-12', '53D', '2026-05-26 06:29:15'),
(104, 1, '2026-06-12', '31G', '2026-05-26 06:29:15'),
(105, 1, '2026-06-12', '25F', '2026-05-26 06:29:15'),
(106, 1, '2026-06-12', '45H', '2026-05-26 06:29:15'),
(107, 1, '2026-06-12', '41H', '2026-05-26 06:29:15'),
(108, 1, '2026-06-12', '48F', '2026-05-26 06:29:15'),
(109, 1, '2026-06-12', '38H', '2026-05-26 06:29:15'),
(110, 1, '2026-06-12', '29D', '2026-05-26 06:29:15'),
(111, 1, '2026-06-12', '22A', '2026-05-26 06:29:15'),
(112, 1, '2026-06-12', '26B', '2026-05-26 06:29:15'),
(113, 1, '2026-06-12', '53G', '2026-05-26 06:29:15'),
(114, 1, '2026-06-12', '24H', '2026-05-26 06:29:15'),
(115, 1, '2026-06-12', '58B', '2026-05-26 06:29:15'),
(116, 1, '2026-06-12', '13B', '2026-05-26 06:29:15'),
(117, 1, '2026-06-12', '50F', '2026-05-26 06:29:15'),
(118, 1, '2026-06-12', '23D', '2026-05-26 06:29:15'),
(119, 1, '2026-06-12', '51B', '2026-05-26 06:29:15'),
(120, 1, '2026-06-12', '54G', '2026-05-26 06:29:15'),
(121, 1, '2026-06-12', '40F', '2026-05-26 06:29:15'),
(122, 1, '2026-06-12', '16C', '2026-05-26 06:29:15'),
(123, 1, '2026-06-12', '37F', '2026-05-26 06:29:15'),
(124, 1, '2026-06-12', '39E', '2026-05-26 06:29:15'),
(125, 1, '2026-06-12', '33F', '2026-05-26 06:29:15'),
(126, 1, '2026-06-12', '36G', '2026-05-26 06:29:15'),
(127, 1, '2026-06-12', '24G', '2026-05-26 06:29:15'),
(128, 1, '2026-06-12', '30E', '2026-05-26 06:29:15'),
(129, 1, '2026-06-12', '52F', '2026-05-26 06:29:15'),
(130, 1, '2026-06-12', '13G', '2026-05-26 06:29:15'),
(131, 1, '2026-06-12', '47H', '2026-05-26 06:29:15'),
(132, 1, '2026-06-12', '24E', '2026-05-26 06:29:15'),
(133, 1, '2026-06-12', '22C', '2026-05-26 06:29:15'),
(134, 1, '2026-06-12', '46C', '2026-05-26 06:29:15'),
(135, 1, '2026-06-12', '42B', '2026-05-26 06:29:15'),
(136, 1, '2026-06-12', '51F', '2026-05-26 06:29:15'),
(137, 1, '2026-06-12', '34A', '2026-05-26 06:29:15'),
(138, 1, '2026-06-12', '16A', '2026-05-26 06:29:15'),
(139, 1, '2026-06-12', '27E', '2026-05-26 06:29:15'),
(140, 1, '2026-06-12', '36H', '2026-05-26 06:29:15'),
(141, 1, '2026-06-12', '21H', '2026-05-26 06:29:15'),
(142, 1, '2026-06-12', '57H', '2026-05-26 06:29:15'),
(143, 1, '2026-06-12', '41C', '2026-05-26 06:29:15'),
(144, 1, '2026-06-12', '53E', '2026-05-26 06:29:15'),
(145, 1, '2026-06-12', '17G', '2026-05-26 06:29:15'),
(146, 1, '2026-06-12', '31B', '2026-05-26 06:29:15'),
(147, 1, '2026-06-12', '46E', '2026-05-26 06:29:15'),
(148, 1, '2026-06-12', '38A', '2026-05-26 06:29:15'),
(149, 1, '2026-06-12', '57F', '2026-05-26 06:29:15'),
(150, 1, '2026-06-12', '40D', '2026-05-26 06:29:15'),
(151, 1, '2026-06-12', '20H', '2026-05-26 06:29:15'),
(152, 1, '2026-06-12', '25D', '2026-05-26 06:29:15'),
(153, 1, '2026-06-12', '20G', '2026-05-26 06:29:15'),
(154, 1, '2026-06-12', '20E', '2026-05-26 06:29:15'),
(155, 1, '2026-06-12', '48A', '2026-05-26 06:29:15'),
(156, 1, '2026-06-12', '58G', '2026-05-26 06:29:15'),
(157, 1, '2026-06-12', '28H', '2026-05-26 06:29:15'),
(158, 1, '2026-06-12', '19F', '2026-05-26 06:29:15'),
(159, 1, '2026-06-12', '34G', '2026-05-26 06:29:15'),
(160, 1, '2026-06-12', '25H', '2026-05-26 06:29:15'),
(161, 1, '2026-06-12', '44G', '2026-05-26 06:29:15'),
(162, 1, '2026-06-12', '30C', '2026-05-26 06:29:15'),
(163, 1, '2026-06-12', '39D', '2026-05-26 06:29:15'),
(164, 1, '2026-06-12', '55E', '2026-05-26 06:29:15'),
(165, 1, '2026-06-12', '28C', '2026-05-26 06:29:15'),
(166, 1, '2026-06-12', '25C', '2026-05-26 06:29:15'),
(167, 1, '2026-06-12', '44F', '2026-05-26 06:29:15'),
(168, 1, '2026-06-12', '58D', '2026-05-26 06:29:15'),
(169, 1, '2026-06-12', '56E', '2026-05-26 06:29:15'),
(170, 1, '2026-06-12', '55A', '2026-05-26 06:29:15'),
(171, 1, '2026-06-12', '43E', '2026-05-26 06:29:15'),
(172, 1, '2026-06-12', '27C', '2026-05-26 06:29:15'),
(173, 1, '2026-06-12', '30H', '2026-05-26 06:29:15'),
(174, 1, '2026-06-12', '23C', '2026-05-26 06:29:15'),
(175, 1, '2026-06-12', '22H', '2026-05-26 06:29:15'),
(176, 1, '2026-06-12', '40E', '2026-05-26 06:29:15'),
(177, 1, '2026-06-12', '24A', '2026-05-26 06:29:15'),
(178, 1, '2026-06-12', '53A', '2026-05-26 06:29:15'),
(179, 1, '2026-06-12', '26D', '2026-05-26 06:29:15'),
(180, 1, '2026-06-12', '43F', '2026-05-26 06:29:15'),
(181, 1, '2026-06-12', '41D', '2026-05-26 06:29:15'),
(182, 1, '2026-06-12', '15A', '2026-05-26 06:29:15'),
(183, 1, '2026-06-12', '37E', '2026-05-26 06:29:15'),
(184, 1, '2026-06-12', '43D', '2026-05-26 06:29:15'),
(185, 1, '2026-06-12', '29E', '2026-05-26 06:29:15'),
(186, 1, '2026-06-12', '17B', '2026-05-26 06:29:15'),
(187, 1, '2026-06-12', '21F', '2026-05-26 06:29:15'),
(188, 1, '2026-06-12', '36B', '2026-05-26 06:29:15'),
(189, 1, '2026-06-12', '22B', '2026-05-26 06:29:15'),
(190, 1, '2026-06-12', '20B', '2026-05-26 06:29:15'),
(191, 1, '2026-06-12', '33E', '2026-05-26 06:29:15'),
(192, 1, '2026-06-12', '45F', '2026-05-26 06:29:15'),
(193, 1, '2026-06-12', '50C', '2026-05-26 06:29:15'),
(194, 1, '2026-06-12', '16F', '2026-05-26 06:29:15'),
(195, 1, '2026-06-12', '23G', '2026-05-26 06:29:15'),
(196, 1, '2026-06-12', '16B', '2026-05-26 06:29:15'),
(197, 1, '2026-06-12', '41B', '2026-05-26 06:29:15'),
(198, 1, '2026-06-12', '33H', '2026-05-26 06:29:15'),
(199, 1, '2026-06-12', '28D', '2026-05-26 06:29:15'),
(200, 1, '2026-06-12', '56A', '2026-05-26 06:29:15'),
(201, 1, '2026-06-12', '31H', '2026-05-26 06:29:15'),
(202, 1, '2026-06-12', '33C', '2026-05-26 06:29:15'),
(203, 1, '2026-06-12', '39A', '2026-05-26 06:29:15'),
(204, 1, '2026-06-12', '18C', '2026-05-26 06:29:15'),
(205, 1, '2026-06-12', '47F', '2026-05-26 06:29:15'),
(206, 1, '2026-06-12', '26C', '2026-05-26 06:29:15'),
(207, 1, '2026-06-12', '19D', '2026-05-26 06:29:15'),
(208, 1, '2026-06-12', '56G', '2026-05-26 06:29:15'),
(209, 1, '2026-06-12', '27H', '2026-05-26 06:29:15'),
(210, 1, '2026-06-12', '43A', '2026-05-26 06:29:15'),
(211, 1, '2026-06-12', '39B', '2026-05-26 06:29:15'),
(212, 1, '2026-06-12', '56D', '2026-05-26 06:29:15'),
(213, 1, '2026-06-12', '18A', '2026-05-26 06:29:15'),
(214, 1, '2026-06-12', '55G', '2026-05-26 06:29:15'),
(215, 1, '2026-06-12', '40A', '2026-05-26 06:29:15'),
(216, 1, '2026-06-12', '26G', '2026-05-26 06:29:15'),
(217, 1, '2026-06-12', '16H', '2026-05-26 06:29:15'),
(218, 1, '2026-06-12', '13H', '2026-05-26 06:29:15'),
(219, 1, '2026-06-12', '39C', '2026-05-26 06:29:15'),
(220, 1, '2026-06-12', '29C', '2026-05-26 06:29:15'),
(221, 1, '2026-06-12', '47E', '2026-05-26 06:29:15'),
(222, 1, '2026-06-12', '32D', '2026-05-26 06:29:15'),
(223, 1, '2026-06-12', '14E', '2026-05-26 06:29:15'),
(224, 1, '2026-06-12', '48E', '2026-05-26 06:29:15'),
(225, 1, '2026-06-12', '55H', '2026-05-26 06:29:15'),
(226, 1, '2026-06-12', '32F', '2026-05-26 06:29:15'),
(227, 1, '2026-06-12', '17D', '2026-05-26 06:29:15'),
(228, 1, '2026-06-12', '19C', '2026-05-26 06:29:15'),
(229, 1, '2026-06-12', '55B', '2026-05-26 06:29:15'),
(230, 1, '2026-06-12', '58F', '2026-05-26 06:29:15'),
(231, 1, '2026-06-12', '31D', '2026-05-26 06:29:15'),
(232, 1, '2026-06-12', '14A', '2026-05-26 06:29:15'),
(233, 1, '2026-06-12', '35D', '2026-05-26 06:29:15'),
(234, 1, '2026-06-12', '28G', '2026-05-26 06:29:15'),
(235, 1, '2026-06-12', '51A', '2026-05-26 06:29:15'),
(236, 1, '2026-06-12', '39G', '2026-05-26 06:29:15'),
(237, 1, '2026-06-12', '46D', '2026-05-26 06:29:15'),
(238, 1, '2026-06-12', '41F', '2026-05-26 06:29:15'),
(239, 1, '2026-06-12', '58H', '2026-05-26 06:29:15'),
(240, 1, '2026-06-12', '42H', '2026-05-26 06:29:15'),
(241, 1, '2026-06-12', '19E', '2026-05-26 06:29:15'),
(242, 1, '2026-06-12', '39H', '2026-05-26 06:29:15'),
(243, 1, '2026-06-12', '25B', '2026-05-26 06:29:15'),
(244, 1, '2026-06-12', '44E', '2026-05-26 06:29:15'),
(245, 1, '2026-06-12', '31A', '2026-05-26 06:29:15'),
(246, 1, '2026-06-12', '34B', '2026-05-26 06:29:15'),
(247, 1, '2026-06-12', '36D', '2026-05-26 06:29:15'),
(248, 1, '2026-06-12', '40C', '2026-05-26 06:29:15'),
(249, 1, '2026-06-12', '32B', '2026-05-26 06:29:15'),
(250, 1, '2026-06-12', '45G', '2026-05-26 06:29:15'),
(251, 1, '2026-06-12', '48D', '2026-05-26 06:29:15'),
(252, 1, '2026-06-12', '52G', '2026-05-26 06:29:15'),
(253, 1, '2026-06-12', '40B', '2026-05-26 06:29:15'),
(254, 1, '2026-06-12', '22G', '2026-05-26 06:29:15'),
(255, 1, '2026-06-12', '38B', '2026-05-26 06:29:15'),
(256, 1, '2026-06-12', '30B', '2026-05-26 06:29:15'),
(257, 1, '2026-06-12', '56H', '2026-05-26 06:29:15'),
(258, 1, '2026-06-12', '52C', '2026-05-26 06:29:15'),
(259, 1, '2026-06-12', '42C', '2026-05-26 06:29:15'),
(260, 1, '2026-06-12', '57E', '2026-05-26 06:29:15'),
(261, 1, '2026-06-12', '18B', '2026-05-26 06:29:15'),
(262, 1, '2026-06-12', '49F', '2026-05-26 06:29:15'),
(263, 1, '2026-06-12', '54F', '2026-05-26 06:29:15'),
(264, 1, '2026-06-12', '34F', '2026-05-26 06:29:15'),
(265, 1, '2026-06-12', '28F', '2026-05-26 06:29:15'),
(266, 1, '2026-06-12', '33G', '2026-05-26 06:29:15'),
(267, 1, '2026-06-12', '27G', '2026-05-26 06:29:15'),
(268, 1, '2026-06-12', '14G', '2026-05-26 06:29:15'),
(269, 1, '2026-06-12', '26H', '2026-05-26 06:29:15'),
(270, 1, '2026-06-12', '45E', '2026-05-26 06:29:15'),
(271, 1, '2026-06-12', '38C', '2026-05-26 06:29:15'),
(272, 1, '2026-06-12', '48G', '2026-05-26 06:29:15'),
(273, 1, '2026-06-12', '34E', '2026-05-26 06:29:15'),
(274, 1, '2026-06-12', '47B', '2026-05-26 06:29:15'),
(275, 1, '2026-06-12', '46A', '2026-05-26 06:29:15'),
(276, 1, '2026-06-12', '34D', '2026-05-26 06:29:15'),
(277, 1, '2026-06-12', '34C', '2026-05-26 06:29:15'),
(278, 1, '2026-06-12', '44A', '2026-05-26 06:29:15'),
(279, 1, '2026-06-12', '15F', '2026-05-26 06:29:15'),
(280, 1, '2026-06-12', '14H', '2026-05-26 06:29:15'),
(281, 1, '2026-06-12', '30D', '2026-05-26 06:29:15'),
(282, 1, '2026-06-12', '47D', '2026-05-26 06:29:15'),
(283, 1, '2026-06-12', '19B', '2026-05-26 06:29:15'),
(284, 1, '2026-06-12', '30G', '2026-05-26 06:29:15'),
(285, 1, '2026-06-12', '35G', '2026-05-26 06:29:15'),
(286, 1, '2026-06-12', '29G', '2026-05-26 06:29:15'),
(287, 1, '2026-06-12', '58A', '2026-05-26 06:29:15'),
(288, 1, '2026-06-12', '23F', '2026-05-26 06:29:15'),
(289, 1, '2026-06-12', '42E', '2026-05-26 06:29:15'),
(290, 1, '2026-06-12', '15D', '2026-05-26 06:29:15'),
(291, 1, '2026-06-12', '15E', '2026-05-26 06:29:15'),
(292, 1, '2026-06-12', '20F', '2026-05-26 06:29:15'),
(293, 1, '2026-06-12', '25A', '2026-05-26 06:29:15'),
(294, 1, '2026-06-12', '53F', '2026-05-26 06:29:15'),
(295, 1, '2026-06-12', '53H', '2026-05-26 06:29:15'),
(296, 1, '2026-06-12', '19H', '2026-05-26 06:29:15'),
(297, 1, '2026-06-12', '29A', '2026-05-26 06:29:15'),
(298, 1, '2026-06-12', '37A', '2026-05-26 06:29:15'),
(299, 1, '2026-06-12', '15H', '2026-05-26 06:29:15'),
(300, 1, '2026-06-12', '13C', '2026-05-26 06:29:15'),
(301, 1, '2026-06-12', '28B', '2026-05-26 06:29:15');

-- --------------------------------------------------------

--
-- Struktura tabeli dla tabeli `reservations`
--

CREATE TABLE `reservations` (
  `id` int(11) NOT NULL,
  `user_id` int(11) DEFAULT NULL,
  `reservation_code` varchar(10) NOT NULL,
  `trip_type` enum('one-way','round-trip') NOT NULL,
  `contact_email` varchar(255) NOT NULL,
  `contact_country` varchar(100) DEFAULT NULL,
  `contact_phone` varchar(50) DEFAULT NULL,
  `total_price` decimal(10,2) NOT NULL DEFAULT 0.00,
  `created_at` timestamp NOT NULL DEFAULT current_timestamp()
) ENGINE=InnoDB DEFAULT CHARSET=utf8 COLLATE=utf8_polish_ci;

--
-- Dumping data for table `reservations`
--

INSERT INTO `reservations` (`id`, `user_id`, `reservation_code`, `trip_type`, `contact_email`, `contact_country`, `contact_phone`, `total_price`, `created_at`) VALUES
(9, 1, 'FEHCTDG6E7', 'round-trip', 'michal.michalak@agh.pl', 'Polska', '555555555', 6673.00, '2026-05-18 21:08:59'),
(16, 2, 'WKCCZMLL8E', 'one-way', 'joe.doe2@gmail.com', 'Polska', '444444444', 1296.00, '2026-05-18 23:18:46'),
(17, NULL, 'CXULFK7RNM', 'round-trip', 'adam@expl.com', 'Polska', '123333287', 6598.00, '2026-05-23 15:29:42'),
(20, 3, 'DHK3QTHTMP', 'one-way', 'michal@mossad.iz', 'Polska', '676767676', 10299.00, '2026-05-23 16:57:52'),
(21, NULL, 'MZVERFZQNJ', 'round-trip', 'edward@war.pr', 'Chiny', '777646777', 5297.00, '2026-05-26 06:35:48');

-- --------------------------------------------------------

--
-- Struktura tabeli dla tabeli `reservation_flights`
--

CREATE TABLE `reservation_flights` (
  `id` int(11) NOT NULL,
  `reservation_id` int(11) NOT NULL,
  `flight_direction` enum('departure','return') NOT NULL,
  `flight_id` int(11) NOT NULL,
  `ticket_type` varchar(50) DEFAULT NULL,
  `price` decimal(10,2) NOT NULL DEFAULT 0.00,
  `flight_date` date DEFAULT NULL
) ENGINE=InnoDB DEFAULT CHARSET=utf8 COLLATE=utf8_polish_ci;

--
-- Dumping data for table `reservation_flights`
--

INSERT INTO `reservation_flights` (`id`, `reservation_id`, `flight_direction`, `flight_id`, `ticket_type`, `price`, `flight_date`) VALUES
(12, 9, 'departure', 1, 'ECONOMY', 2299.00, '2026-05-27'),
(13, 9, 'return', 2, 'PREMIUM ECONOMY', 4449.00, '2026-05-31'),
(14, 16, 'departure', 50, 'PREMIUM ECONOMY', 299.00, '2026-05-29'),
(15, 17, 'departure', 1, 'ECONOMY', 2299.00, '2026-05-19'),
(16, 17, 'return', 2, 'PREMIUM ECONOMY', 4299.00, '2026-05-28'),
(17, 20, 'departure', 11, 'BUSINESS', 10299.00, '2026-05-21'),
(18, 21, 'departure', 1, 'ECONOMY', 2299.00, '2026-06-12'),
(19, 21, 'return', 2, 'ECONOMY', 2399.00, '2026-06-14');

-- --------------------------------------------------------

--
-- Struktura tabeli dla tabeli `reservation_passengers`
--

CREATE TABLE `reservation_passengers` (
  `id` int(11) NOT NULL,
  `reservation_id` int(11) NOT NULL,
  `passenger_index` int(11) NOT NULL,
  `passenger_type` varchar(50) DEFAULT NULL,
  `title` varchar(20) DEFAULT NULL,
  `first_name` varchar(100) DEFAULT NULL,
  `middle_name` varchar(100) DEFAULT NULL,
  `last_name` varchar(100) DEFAULT NULL,
  `birth_date` date DEFAULT NULL,
  `gender` varchar(20) DEFAULT NULL,
  `seat_number` varchar(10) DEFAULT NULL,
  `baggage_count` int(11) DEFAULT 0
) ENGINE=InnoDB DEFAULT CHARSET=utf8 COLLATE=utf8_polish_ci;

--
-- Dumping data for table `reservation_passengers`
--

INSERT INTO `reservation_passengers` (`id`, `reservation_id`, `passenger_index`, `passenger_type`, `title`, `first_name`, `middle_name`, `last_name`, `birth_date`, `gender`, `seat_number`, `baggage_count`) VALUES
(8, 9, 1, 'adult', 'dr', 'Michał', 'Paweł', 'Michalak', '1994-06-08', 'male', '8G', 1),
(9, 16, 1, 'adult', 'mr', 'Joe', 'John', 'Doe', '1976-01-13', 'male', '7D', 1),
(10, 17, 1, 'adult', 'mr', 'Adam', '', 'Snop', '1993-06-11', 'male', NULL, 0),
(11, 20, 1, 'adult', 'mr', 'Michal', 'Witold', 'Markiewicz', '2026-05-07', 'male', NULL, 0),
(12, 21, 1, 'adult', 'mr', 'Edward', '', 'Warchocki', '2008-05-07', 'male', '46H', 0);

-- --------------------------------------------------------

--
-- Struktura tabeli dla tabeli `users`
--

CREATE TABLE `users` (
  `id` int(11) NOT NULL,
  `email` varchar(255) NOT NULL,
  `password` varchar(255) NOT NULL,
  `first_name` varchar(100) NOT NULL,
  `last_name` varchar(100) NOT NULL,
  `created_at` timestamp NOT NULL DEFAULT current_timestamp()
) ENGINE=InnoDB DEFAULT CHARSET=utf8 COLLATE=utf8_polish_ci;

--
-- Dumping data for table `users`
--

INSERT INTO `users` (`id`, `email`, `password`, `first_name`, `last_name`, `created_at`) VALUES
(1, 'michal.michalak@agh.pl', '$2y$10$YOW45kcgZKxcj78ZXZYZieGoRsccKf4isc7umHmGzqnJhHqgk6VkK', 'Michał', 'Michalak', '2026-05-18 20:31:15'),
(2, 'joe.doe2@gmail.com', '$2y$10$xe47ILmnj1Sbsw8hAeWrgOhnr1w1Mj6q7FGNMNLulcb8quDfzznPW', 'John', 'Doe', '2026-05-18 23:04:31'),
(3, 'Michal@mossad.iz', '$2y$10$0UQW7WJuuQtjyM6.3LbgYeQZ9xCF13pQbiDpxbAGGUfGT1FDLJNFy', 'Michal', 'Markiewicz', '2026-05-23 16:52:43');

--
-- Indeksy dla zrzutów tabel
--

--
-- Indeksy dla tabeli `airports`
--
ALTER TABLE `airports`
  ADD PRIMARY KEY (`id`),
  ADD UNIQUE KEY `code` (`code`);

--
-- Indeksy dla tabeli `countries`
--
ALTER TABLE `countries`
  ADD PRIMARY KEY (`id`),
  ADD UNIQUE KEY `name` (`name`);

--
-- Indeksy dla tabeli `flights`
--
ALTER TABLE `flights`
  ADD PRIMARY KEY (`id`);

--
-- Indeksy dla tabeli `flight_occupied_seats`
--
ALTER TABLE `flight_occupied_seats`
  ADD PRIMARY KEY (`id`),
  ADD UNIQUE KEY `unique_flight_seat` (`flight_id`,`flight_date`,`seat_number`);

--
-- Indeksy dla tabeli `reservations`
--
ALTER TABLE `reservations`
  ADD PRIMARY KEY (`id`),
  ADD UNIQUE KEY `reservation_code` (`reservation_code`),
  ADD KEY `fk_reservations_users` (`user_id`);

--
-- Indeksy dla tabeli `reservation_flights`
--
ALTER TABLE `reservation_flights`
  ADD PRIMARY KEY (`id`),
  ADD KEY `reservation_id` (`reservation_id`);

--
-- Indeksy dla tabeli `reservation_passengers`
--
ALTER TABLE `reservation_passengers`
  ADD PRIMARY KEY (`id`),
  ADD KEY `reservation_id` (`reservation_id`);

--
-- Indeksy dla tabeli `users`
--
ALTER TABLE `users`
  ADD PRIMARY KEY (`id`),
  ADD UNIQUE KEY `email` (`email`);

--
-- AUTO_INCREMENT for dumped tables
--

--
-- AUTO_INCREMENT for table `airports`
--
ALTER TABLE `airports`
  MODIFY `id` int(11) NOT NULL AUTO_INCREMENT, AUTO_INCREMENT=26;

--
-- AUTO_INCREMENT for table `countries`
--
ALTER TABLE `countries`
  MODIFY `id` int(11) NOT NULL AUTO_INCREMENT, AUTO_INCREMENT=38;

--
-- AUTO_INCREMENT for table `flights`
--
ALTER TABLE `flights`
  MODIFY `id` int(11) NOT NULL AUTO_INCREMENT, AUTO_INCREMENT=79;

--
-- AUTO_INCREMENT for table `flight_occupied_seats`
--
ALTER TABLE `flight_occupied_seats`
  MODIFY `id` int(11) NOT NULL AUTO_INCREMENT, AUTO_INCREMENT=546;

--
-- AUTO_INCREMENT for table `reservations`
--
ALTER TABLE `reservations`
  MODIFY `id` int(11) NOT NULL AUTO_INCREMENT, AUTO_INCREMENT=22;

--
-- AUTO_INCREMENT for table `reservation_flights`
--
ALTER TABLE `reservation_flights`
  MODIFY `id` int(11) NOT NULL AUTO_INCREMENT, AUTO_INCREMENT=20;

--
-- AUTO_INCREMENT for table `reservation_passengers`
--
ALTER TABLE `reservation_passengers`
  MODIFY `id` int(11) NOT NULL AUTO_INCREMENT, AUTO_INCREMENT=13;

--
-- AUTO_INCREMENT for table `users`
--
ALTER TABLE `users`
  MODIFY `id` int(11) NOT NULL AUTO_INCREMENT, AUTO_INCREMENT=4;

--
-- Constraints for dumped tables
--

--
-- Constraints for table `reservations`
--
ALTER TABLE `reservations`
  ADD CONSTRAINT `fk_reservations_users` FOREIGN KEY (`user_id`) REFERENCES `users` (`id`) ON DELETE SET NULL;

--
-- Constraints for table `reservation_flights`
--
ALTER TABLE `reservation_flights`
  ADD CONSTRAINT `reservation_flights_ibfk_1` FOREIGN KEY (`reservation_id`) REFERENCES `reservations` (`id`) ON DELETE CASCADE;

--
-- Constraints for table `reservation_passengers`
--
ALTER TABLE `reservation_passengers`
  ADD CONSTRAINT `reservation_passengers_ibfk_1` FOREIGN KEY (`reservation_id`) REFERENCES `reservations` (`id`) ON DELETE CASCADE;
COMMIT;

/*!40101 SET CHARACTER_SET_CLIENT=@OLD_CHARACTER_SET_CLIENT */;
/*!40101 SET CHARACTER_SET_RESULTS=@OLD_CHARACTER_SET_RESULTS */;
/*!40101 SET COLLATION_CONNECTION=@OLD_COLLATION_CONNECTION */;
